term,tf,idf,tf_idf
guayaquil,175,0.712949807856125,124.76621637482188
seguir,102,1.252762968495368,127.78182278652754
ciudad,85,1.4350845252893227,121.98218464959243
junto,69,1.6436292771823797,113.4104201255842
nuevo,58,1.8172927712332196,105.40298073152674
progreso,56,1.8523840910444898,103.73350909849142
sueno,56,1.8523840910444898,103.73350909849142
cada,52,1.9264920631982116,100.177587286307
guayaquileno,51,1.9459101490553132,99.24141760182097
hacer,50,1.965712776351493,98.28563881757465
